id,Cotizacion,UN,Fase,Moneda,Modificada,Rental_SUM_Subtotal,Rental_IVA_actual,Rental_IVA_correcto,Total_actual,Total_correcto
5404724000607843864,COT-AyF-0088,Agroforestal y Jardines,Cerrada Ganada,CLP,2026-09-24T11:03,81116,18340,15412.0,114868,96528.0
5404724000613083544,COT-AyF-0090,Agroforestal y Jardines,Cerrada Ganada,CLP,2026-09-28T16:42,58740,13281,11161.0,83182,69901.0
5404724000613424242,COT-AyF-0091,Agroforestal y Jardines,Cerrada Ganada,CLP,2026-09-29T09:52,13362,3021,2539.0,18922,15901.0
5404724000613008193,COT-CONST-130-3366,Construcción,Creada,CLP,2026-09-28T12:38,1967100,444761,373749.0,2785610,2340849.0
5404724000613571279,COT-CONST-130-3427,Construcción,Cerrada Ganada,CLP,2026-09-29T14:59,6690000,1512609,1271100.0,9473709,7961100.0
5404724000613436634,COT-CONST-130-3430,Construcción,Creada,CLP,2026-09-29T13:18,19749900,4465452,3752481.0,27967833,23502381.0
5404724000613595398,COT-CONST-130-3438,Construcción,Cerrada Ganada,CLP,2026-09-29T16:54,6823200,1542726,1296408.0,9662334,8119608.0
5404724000613754070,COT-CONST-130-3455,Construcción,Creada,USD,2026-09-29T18:06,504,114,95.76,714,599.76
5404724000605571237,COT-CONST-289-2895,Construcción,Cerrada Ganada,CLP,2026-09-29T12:00,105300000,23808330,20007000.0,149115330,125307000.0
5404724000608833158,COT-CONST-289-3100,Construcción,Cerrada Ganada,USD,2026-09-29T09:06,5265,1190,1000.35,7455,6265.35
5404724000610613015,COT-CONST-289-3165,Construcción,Cerrada Ganada,USD,2026-09-29T09:41,2430,549,461.7,3441,2891.7
5404724000611355910,COT-CONST-289-3264,Construcción,Creada,USD,2026-09-24T10:28,32100,7258,6099.0,45457,38199.0
5404724000611372455,COT-CONST-289-3265,Construcción,Creada,USD,2026-09-24T10:30,33600,7597,6384.0,47581,39984.0
5404724000611374715,COT-CONST-289-3266,Construcción,Creada,USD,2026-09-24T10:34,33600,7597,6384.0,47581,39984.0
5404724000611405575,COT-CONST-289-3267,Construcción,Creada,USD,2026-09-24T10:36,32100,7258,6099.0,45457,38199.0
5404724000611774933,COT-CONST-289-3323,Construcción,Creada,CLP,2026-09-25T10:06,772000,174549,146680.0,1093229,918680.0
5404724000611847382,COT-CONST-289-3324,Construcción,Creada,USD,2026-09-25T10:36,175184.34,39609,33285.02,248078,208469.36
5404724000612020058,COT-CONST-289-3330,Construcción,Creada,CLP,2026-09-25T11:15,176986000,40016535,33627340.0,250629875,210613340.0
5404724000613071477,COT-CONST-289-3382,Construcción,Creada,CLP,2026-09-28T16:29,3000000,678300,570000.0,4248300,3570000.0
5404724000613069914,COT-CONST-289-3393,Construcción,Creada,USD,2026-09-28T18:42,73800,16686,14022.0,104508,87822.0
5404724000613648608,COT-CONST-289-3453,Construcción,Creada,CLP,2026-09-29T17:50,2380000,538118,452200.0,3370318,2832200.0
5404724000613570845,COT-CONST-289-3454,Construcción,Creada,USD,2026-09-29T18:03,10368,2344,1969.92,14682,12337.92
5404724000613853758,COT-CONST-289-3462,Construcción,Creada,USD,2026-09-30T09:12,52175,11797,9913.25,73885,62088.25
5404724000613882255,COT-CONST-289-3463,Construcción,Creada,USD,2026-09-30T09:22,79105.74,17886,15030.09,112022,94135.83
5404724000613877055,COT-CONST-289-3464,Construcción,Creada,USD,2026-09-30T09:44,27090,6125,5147.1,38362,32237.1
5404724000604616088,COT-CONST-29-2814,Construcción,Cerrada Ganada,CLP,2026-09-30T08:31,12840000,2903124,2439600.0,18182724,15279600.0
5404724000611359205,COT-CONST-29-3252,Construcción,Cerrada Ganada,CLP,2026-09-25T10:09,5565200,1258292,1057388.0,7880880,6622588.0
5404724000611903027,COT-CONST-29-3322,Construcción,Creada,CLP,2026-09-25T10:06,3276000,740704,622440.0,4639144,3898440.0
5404724000611844541,COT-CONST-29-3325,Construcción,Cerrada Ganada,CLP,2026-09-28T14:53,1787100,404063,339549.0,2530712,2126649.0
5404724000611869277,COT-CONST-29-3327,Construcción,Creada,CLP,2026-09-25T10:51,19135000,4326424,3635650.0,27097074,22770650.0
5404724000612743535,COT-CONST-29-3346,Construcción,Creada,CLP,2026-09-27T22:46,1408000,318349,267520.0,1993869,1675520.0
5404724000612755310,COT-CONST-29-3347,Construcción,Cerrada Ganada,CLP,2026-09-29T08:55,2822400,638145,536256.0,3996801,3358656.0
5404724000612761451,COT-CONST-29-3348,Construcción,Creada,CLP,2026-09-28T00:18,6175000,1396168,1173250.0,8744418,7348250.0
5404724000613057793,COT-CONST-29-3375,Construcción,Pendiente de revisión,CLP,2026-09-30T08:45,1571200,355248,298528.0,2224976,1869728.0
5404724000613059786,COT-CONST-29-3384,Construcción,Creada,USD,2026-09-28T17:02,15667.75,3542,2976.87,22187,18644.62
5404724000613078925,COT-CONST-29-3395,Construcción,Creada,USD,2026-09-28T19:40,7128,1612,1354.32,10094,8482.32
5404724000613230011,COT-CONST-29-3396,Construcción,Creada,USD,2026-09-28T19:49,6672.5,1509,1267.78,9449,7940.28
5404724000613238110,COT-CONST-29-3400,Construcción,Creada,USD,2026-09-28T21:12,20270.4,4583,3851.38,28705,24121.78
5404724000613229438,COT-CONST-29-3401,Construcción,Creada,CLP,2026-09-29T18:44,4753788,1074831,903220.0,6731839,5657008.0
5404724000613295288,COT-CONST-29-3403,Construcción,Creada,CLP,2026-09-29T08:07,3888000,879077,738720.0,5505797,4626720.0
5404724000613302288,COT-CONST-29-3405,Construcción,Creada,CLP,2026-09-29T08:26,8779200,1984977,1668048.0,12432225,10447248.0
5404724000613390750,COT-CONST-29-3406,Construcción,Creada,USD,2026-09-29T08:38,12500,2826,2375.0,17701,14875.0
5404724000613392651,COT-CONST-29-3414,Construcción,Creada,CLP,2026-09-29T11:03,23420000,5295262,4449800.0,33165062,27869800.0
5404724000613754334,COT-CONST-29-3456,Construcción,Creada,CLP,2026-09-29T19:23,58600100,13249483,11134019.0,82983602,69734119.0
5404724000613743680,COT-CONST-29-3457,Construcción,Creada,USD,2026-09-29T20:06,16242,3672,3085.98,23000,19327.98
5404724000613754415,COT-CONST-29-3458,Construcción,Creada,CLP,2026-09-29T20:27,756000,170932,143640.0,1070572,899640.0
5404724000613630819,COT-CONST-29-3459,Construcción,Creada,CLP,2026-09-29T20:46,16025600,3623388,3044864.0,22693852,19070464.0
5404724000613922285,COT-CONST-29-3466,Construcción,Creada,CLP,2026-09-30T09:40,7314000,1653695,1389660.0,10357355,8703660.0
5404724000611391531,COT-CONST-376-3271,Construcción,Enviada,CLP,2026-09-24T11:31,1065760,240968,202494.0,1509222,1268254.0
5404724000611464144,COT-CONST-376-3274,Construcción,Creada,USD,2026-09-24T11:25,4812.5,1088,914.38,6815,5726.88
5404724000611464291,COT-CONST-376-3277,Construcción,Enviada,CLP,2026-09-24T11:39,504000,113954,95760.0,713714,599760.0
5404724000612909696,COT-CONST-376-3360,Construcción,Creada,CLP,2026-09-28T11:28,14743200,3333438,2801208.0,20877846,17544408.0
5404724000613009436,COT-CONST-376-3362,Construcción,Creada,USD,2026-09-28T11:51,18848.75,4262,3581.26,26692,22430.01
5404724000613040140,COT-CONST-376-3365,Construcción,Creada,CLP,2026-09-28T12:09,3529440,798006,670594.0,4998040,4200034.0
5404724000613156356,COT-CONST-376-3386,Construcción,Creada,USD,2026-09-28T17:09,5508,1245,1046.52,7800,6554.52
5404724000613173261,COT-CONST-376-3387,Construcción,Creada,CLP,2026-09-28T17:26,11885920,2687407,2258325.0,16831652,14144245.0
5404724000613192222,COT-CONST-376-3388,Construcción,Creada,USD,2026-09-28T17:39,52750.4,11927,10022.58,74700,62772.98
5404724000613193233,COT-CONST-376-3389,Construcción,Creada,USD,2026-09-28T17:46,52750.4,11927,10022.58,74700,62772.98
5404724000613364744,COT-CONST-376-3429,Construcción,Creada,USD,2026-09-29T13:10,217,49,41.23,307,258.23
5404724000613590224,COT-CONST-376-3431,Construcción,Creada,USD,2026-09-29T13:21,12500,2826,2375.0,17701,14875.0
5404724000613527444,COT-CONST-376-3434,Construcción,Creada,USD,2026-09-29T13:29,5525,1249,1049.75,7824,6574.75
5404724000613609175,COT-CONST-376-3439,Construcción,Creada,CLP,2026-09-29T14:44,9840000,2224824,1869600.0,13934424,11709600.0
5404724000613954209,COT-CONST-376-3461,Construcción,Creada,CLP,2026-09-30T08:46,856000,193542,162640.0,1212182,1018640.0
5404724000589231087,COT-CONST-384-1950,Construcción,Sin Stock suficiente,USD,2026-09-30T10:27,8000,1809,1520.0,11329,9520.0
5404724000599518240,COT-CONST-384-2566,Construcción,Cerrada Ganada,USD,2026-09-29T13:33,11068.75,2503,2103.06,15675,13171.81
5404724000608489878,COT-CONST-384-3089,Construcción,Creada,USD,2026-09-30T10:21,6591,1490,1252.29,9333,7843.29
5404724000610803338,COT-CONST-384-3179,Construcción,Cerrada Ganada,CLP,2026-09-24T11:46,448920,101501,85295.0,635716,534215.0
5404724000611374814,COT-CONST-384-3281,Construcción,Creada,USD,2026-09-24T18:47,59971.4,13560,11394.57,84926,71365.97
5404724000611473748,COT-CONST-384-3288,Construcción,Creada,USD,2026-09-24T14:14,15839,3581,3009.41,22429,18848.41
5404724000611595100,COT-CONST-384-3294,Construcción,Creada,USD,2026-09-24T16:24,31122,7037,5913.18,44072,37035.18
5404724000611478469,COT-CONST-384-3297,Construcción,Creada,USD,2026-09-24T16:41,12386.5,2801,2353.43,17541,14739.93
5404724000612034311,COT-CONST-384-3338,Construcción,Creada,USD,2026-09-25T13:03,88990.2,20121,16908.14,126019,105898.34
5404724000612657724,COT-CONST-384-3343,Construcción,Creada,USD,2026-09-27T13:35,88990.2,20121,16908.14,126019,105898.34
5404724000612710061,COT-CONST-384-3345,Construcción,Creada,USD,2026-09-27T15:23,4660,1054,885.4,6599,5545.4
5404724000612845555,COT-CONST-384-3351,Construcción,Creada,USD,2026-09-28T09:38,7145.2,1616,1357.59,10119,8502.79
5404724000613069270,COT-CONST-384-3367,Construcción,Cerrada Ganada,CLP,2026-09-29T13:23,1042800,235777,198132.0,1476709,1240932.0
5404724000613069287,COT-CONST-384-3368,Construcción,Creada,USD,2026-09-28T13:12,972,220,184.68,1377,1156.68
5404724000612909858,COT-CONST-384-3370,Construcción,Creada,USD,2026-09-28T13:28,61722,13955,11727.18,87404,73449.18
5404724000613124775,COT-CONST-384-3381,Construcción,Creada,USD,2026-09-28T16:12,4654,1052,884.26,6590,5538.26
5404724000613078884,COT-CONST-384-3394,Construcción,Creada,USD,2026-09-28T19:08,1257.6,284,238.94,1781,1496.54
5404724000613348800,COT-CONST-384-3410,Construcción,Creada,USD,2026-09-29T10:11,3900,882,741.0,5523,4641.0
5404724000613397962,COT-CONST-384-3411,Construcción,Creada,CLP,2026-09-29T10:51,18612000,4208173,3536280.0,26356453,22148280.0
5404724000613512644,COT-CONST-384-3422,Construcción,Creada,USD,2026-09-29T13:10,25014,5656,4752.66,35423,29766.66
5404724000613663114,COT-CONST-384-3442,Construcción,Creada,USD,2026-09-29T16:41,52935.6,11969,10057.76,74962,62993.36
5404724000613507991,COT-CONST-384-3445,Construcción,Creada,USD,2026-09-29T16:28,60380,13652,11472.2,85504,71852.2
5404724000613621246,COT-CONST-384-3449,Construcción,Creada,USD,2026-09-29T17:11,1092,247,207.48,1546,1299.48
5404724000613595922,COT-CONST-384-3451,Construcción,Creada,USD,2026-09-29T17:47,58307.1,13183,11078.35,82568,69385.45
5404724000613923522,COT-CONST-384-3471,Construcción,Creada,USD,2026-09-30T10:28,972,220,184.68,1377,1156.68
5404724000611069049,COT-CONST-388-3205,Construcción,Cerrada Ganada,USD,2026-09-29T17:27,14776,3341,2807.44,20924,17583.44
5404724000611406459,COT-CONST-388-3268,Construcción,Creada,CLP,2026-09-24T10:50,11290000,2552669,2145100.0,15987769,13435100.0
5404724000611605312,COT-CONST-388-3300,Construcción,Creada,USD,2026-09-24T17:03,36246,8195,6886.74,51328,43132.74
5404724000611613219,COT-CONST-388-3302,Construcción,Creada,USD,2026-09-24T17:45,39054,8830,7420.26,55304,46474.26
5404724000611965402,COT-CONST-388-3335,Construcción,Creada,USD,2026-09-25T12:17,46750,10570,8882.5,66203,55632.5
5404724000612163149,COT-CONST-388-3337,Construcción,Creada,CLP,2026-09-25T12:59,1325120,299610,251773.0,1876503,1576893.0
5404724000612007376,COT-CONST-388-3339,Construcción,Creada,CLP,2026-09-25T13:05,1325120,299610,251773.0,1876503,1576893.0
5404724000613121822,COT-CONST-422-3390,Construcción,Creada,USD,2026-09-28T17:47,16200,3663,3078.0,22941,19278.0
5404724000613081658,COT-CONST-422-3397,Construcción,Creada,USD,2026-09-28T19:53,65299.56,14764,12406.92,92470,77706.48
5404724000613084954,COT-CONST-422-3398,Construcción,Creada,CLP,2026-09-28T20:07,9476235,2142577,1800485.0,13419297,11276720.0
5404724000613238079,COT-CONST-422-3399,Construcción,Creada,CLP,2026-09-28T20:48,6960000,1573656,1322400.0,9856056,8282400.0
5404724000610487339,COT-CONST-465-3154,Construcción,Cerrada Ganada,CLP,2026-09-24T11:21,76198,17228,14478.0,107904,90676.0
5404724000611447071,COT-CONST-465-3270,Construcción,Cerrada Ganada,CLP,2026-09-25T15:41,82475,18648,15670.0,116793,98145.0
5404724000611476093,COT-CONST-465-3276,Construcción,Cerrada Ganada,CLP,2026-09-24T16:03,26877,6077,5107.0,38060,31984.0
5404724000611781984,COT-CONST-465-3315,Construcción,Creada,CLP,2026-09-25T08:32,263174,59504,50003.0,372682,313177.0
5404724000611792817,COT-CONST-465-3320,Construcción,Creada,CLP,2026-09-25T09:37,300798,68011,57152.0,425961,357950.0
5404724000612685111,COT-CONST-465-3344,Construcción,Creada,CLP,2026-09-27T14:00,441111,99735,83811.0,624657,524922.0
5404724000613078592,COT-CONST-465-3380,Construcción,Creada,CLP,2026-09-28T16:08,843335,190678,160234.0,1194247,1003569.0
5404724000613295343,COT-CONST-465-3408,Construcción,Creada,CLP,2026-09-29T09:13,360823,81582,68556.0,510962,429379.0
5404724000613556025,COT-CONST-465-3418,Construcción,Lista para Confirmar,CLP,2026-09-29T16:37,352583,79719,66991.0,499292,419574.0
5404724000613523569,COT-CONST-465-3443,Construcción,Creada,CLP,2026-09-29T16:12,6740800,1524095,1280752.0,9545647,8021552.0
5404724000607469838,COT-CONST-466-3013,Construcción,Cerrada Ganada,CLP,2026-09-28T08:15,132343,29923,25145.0,187411,157488.0
5404724000610663996,COT-CONST-466-3177,Construcción,Creada,CLP,2026-09-29T10:54,100421,22705,19080.0,142206,119501.0
5404724000611367307,COT-CONST-466-3253,Construcción,Cerrada Ganada,CLP,2026-09-24T16:39,184129,41632,34985.0,260745,219114.0
5404724000611405516,COT-CONST-466-3261,Construcción,Creada,CLP,2026-09-24T11:49,9066186,2049865,1722575.0,12838627,10788761.0
5404724000611406435,COT-CONST-466-3263,Construcción,Cerrada Ganada,CLP,2026-09-24T12:02,139628,31570,26529.0,197727,166157.0
5404724000611353921,COT-CONST-466-3269,Construcción,Creada,CLP,2026-09-24T11:01,525203,118748,99789.0,743739,624992.0
5404724000611548487,COT-CONST-466-3295,Construcción,Cerrada Ganada,CLP,2026-09-25T11:26,519150,117380,98638.0,735168,617788.0
5404724000611883339,COT-CONST-466-3328,Construcción,Creada,CLP,2026-09-25T10:52,675949,152832,128430.0,957210,804379.0
5404724000612058106,COT-CONST-466-3333,Construcción,Creada,CLP,2026-09-25T11:59,384906,87027,73132.0,545065,458038.0
5404724000611953167,COT-CONST-466-3334,Construcción,Cerrada Ganada,CLP,2026-09-25T12:18,1476840,333914,280600.0,2091354,1757440.0
5404724000612862540,COT-CONST-466-3353,Construcción,Cerrada Ganada,CLP,2026-09-28T10:59,45690,10331,8681.0,64703,54371.0
5404724000612811634,COT-CONST-466-3358,Construcción,Cerrada Ganada,CLP,2026-09-28T11:43,24810,5610,4714.0,35134,29524.0
5404724000613038120,COT-CONST-466-3361,Construcción,Cerrada Ganada,CLP,2026-09-28T11:32,65222,14747,12392.0,92362,77614.0
5404724000613081020,COT-CONST-466-3364,Construcción,Creada,CLP,2026-09-28T12:07,6719160,1519202,1276640.0,9515002,7995800.0
5404724000613106004,COT-CONST-466-3371,Construcción,Cerrada Ganada,CLP,2026-09-28T13:39,138385,31289,26293.0,195968,164678.0
5404724000613121229,COT-CONST-466-3376,Construcción,Cerrada Ganada,CLP,2026-09-28T15:15,133827,30258,25427.0,189511,159254.0
5404724000613470050,COT-CONST-466-3409,Construcción,Creada,CLP,2026-09-29T09:58,82839,18730,15739.0,117309,98578.0
5404724000613378710,COT-CONST-466-3412,Construcción,Creada,CLP,2026-09-29T11:02,1301067,249461,247203.0,1562412,1548270.0
5404724000613527262,COT-CONST-466-3420,Construcción,Creada,CLP,2026-09-29T12:08,145499,32897,27645.0,206041,173144.0
5404724000613467782,COT-CONST-466-3433,Construcción,Creada,CLP,2026-09-29T13:29,68415,15469,12999.0,96883,81414.0
5404724000613521382,COT-CONST-466-3435,Construcción,Creada,CLP,2026-09-29T13:35,402140,90924,76407.0,569470,478547.0
5404724000613882218,COT-CONST-466-3460,Construcción,Creada,CLP,2026-09-30T08:42,6740800,1524095,1280752.0,9545647,8021552.0
5404724000613882303,COT-CONST-466-3465,Construcción,Creada,CLP,2026-09-30T09:33,626975,141759,119125.0,887859,746100.0
5404724000613922338,COT-CONST-466-3467,Construcción,Creada,CLP,2026-09-30T09:53,236385,53447,44913.0,334745,281298.0
5404724000613913257,COT-CONST-466-3468,Construcción,Creada,CLP,2026-09-30T10:05,949224,214620,180353.0,1344197,1129577.0
5404724000611095411,COT-CONST-467-3212,Construcción,Creada,CLP,2026-09-25T11:55,129737,29333,24650.0,183720,154387.0
5404724000611410449,COT-CONST-467-3262,Construcción,Creada,CLP,2026-09-24T10:24,226320,51171,43001.0,320492,269321.0
5404724000611476126,COT-CONST-467-3278,Construcción,Creada,CLP,2026-09-24T11:43,1509902,341389,286881.0,2138173,1796783.0
5404724000611392965,COT-CONST-467-3279,Construcción,Creada,CLP,2026-09-24T12:10,1509902,341389,286881.0,2138173,1796783.0
5404724000611478171,COT-CONST-467-3282,Construcción,Creada,CLP,2026-09-24T12:44,12088,2733,2297.0,17118,14385.0
5404724000611501178,COT-CONST-467-3284,Construcción,Creada,CLP,2026-09-24T13:33,193117,43664,36692.0,273473,229809.0
5404724000611501938,COT-CONST-467-3296,Construcción,Creada,CLP,2026-09-24T16:35,10054,2273,1910.0,14238,11964.0
5404724000611605018,COT-CONST-467-3298,Construcción,Creada,CLP,2026-09-24T16:41,1068138,241506,202946.0,1512590,1271084.0
5404724000611815541,COT-CONST-467-3316,Construcción,Creada,CLP,2026-09-25T08:49,65222,14747,12392.0,92362,77614.0
5404724000611793953,COT-CONST-467-3317,Construcción,Creada,CLP,2026-09-25T09:01,771919,174531,146665.0,1093114,918584.0
5404724000611940046,COT-CONST-467-3329,Construcción,Creada,CLP,2026-09-25T11:11,324749,73426,61702.0,459877,386451.0
5404724000612165582,COT-CONST-467-3341,Construcción,Creada,CLP,2026-09-25T16:39,280754,63478,53343.0,397575,334097.0
5404724000612811518,COT-CONST-467-3349,Construcción,Creada,CLP,2026-09-28T09:10,7094,1604,1348.0,10046,8442.0
5404724000612829000,COT-CONST-467-3363,Construcción,Creada,CLP,2026-09-28T12:05,311104,70341,59110.0,440555,370214.0
5404724000613121434,COT-CONST-467-3379,Construcción,Creada,CLP,2026-09-28T15:49,229160,51813,43540.0,324513,272700.0
5404724000613034931,COT-CONST-467-3383,Construcción,Creada,CLP,2026-09-28T16:54,442498,100049,84075.0,626622,526573.0
5404724000613034949,COT-CONST-467-3385,Construcción,Creada,CLP,2026-09-28T17:08,934620,211318,177578.0,1323516,1112198.0
5404724000613883661,COT-CONST-467-3470,Construcción,Creada,CLP,2026-09-30T10:26,286721,64828,54477.0,406026,341198.0
5404724000613887624,COT-CONST-467-3472,Construcción,Creada,CLP,2026-09-30T10:39,428371,96855,81390.0,606617,509761.0
5404724000611487555,COT-CONST-480-3290,Construcción,Creada,USD,2026-09-24T15:00,155580,35177,29560.2,220317,185140.2
5404724000612811558,COT-CONST-480-3354,Construcción,Creada,CLP,2026-09-28T09:53,15750500,3561188,2992595.0,22304283,18743095.0
5404724000612824597,COT-CONST-480-3355,Construcción,Creada,USD,2026-09-28T10:44,7490.4,1694,1423.18,10608,8913.58
5404724000613252291,COT-CONST-480-3402,Construcción,Creada,CLP,2026-09-28T22:43,494400,111784,93936.0,700120,588336.0
5404724000604607060,COT-CONST-490-2810,Construcción,Cerrada Perdida,USD,2026-09-29T09:14,9200,2080,1748.0,13028,10948.0
5404724000605222847,COT-CONST-490-2877,Construcción,Cerrada Perdida,CLP,2026-09-29T09:11,20000000,4522000,3800000.0,28322000,23800000.0
5404724000605992914,COT-CONST-490-2939,Construcción,Cerrada Perdida,CLP,2026-09-29T09:54,5575000,1260508,1059250.0,7894758,6634250.0
5404724000606592361,COT-CONST-490-2982,Construcción,Cerrada Perdida,USD,2026-09-29T14:35,21846.5,4939,4150.84,30936,25997.34
5404724000611635304,COT-CONST-490-3304,Construcción,Creada,USD,2026-09-24T18:06,14280,3229,2713.2,20222,16993.2
5404724000611634103,COT-CONST-490-3305,Construcción,Creada,USD,2026-09-24T18:32,46952,10616,8920.88,66489,55872.88
5404724000612812811,COT-CONST-490-3350,Construcción,Cerrada Ganada,CLP,2026-09-28T15:11,6026000,1362479,1144940.0,8533419,7170940.0
5404724000612863745,COT-CONST-490-3357,Construcción,Creada,USD,2026-09-28T10:51,5520,1248,1048.8,7817,6568.8
5404724000613009737,COT-CONST-490-3374,Construcción,Creada,USD,2026-09-28T14:04,41500,9383,7885.0,58768,49385.0
5404724000613334866,COT-CONST-490-3404,Construcción,Creada,CLP,2026-09-29T08:25,2222910,502600,422353.0,3147863,2645263.0
5404724000611159891,COT-CONST-502-3249,Construcción,Creada,CLP,2026-09-29T15:50,14992,3390,2848.0,21231,17840.0
5404724000611410542,COT-CONST-502-3273,Construcción,Cerrada Ganada,CLP,2026-09-28T17:19,454682,102804,86390.0,643876,541072.0
5404724000611447156,COT-CONST-502-3275,Construcción,Cerrada Perdida,CLP,2026-09-28T17:26,227341,51402,43195.0,321938,270536.0
5404724000611507289,COT-CONST-502-3287,Construcción,Creada,CLP,2026-09-29T15:57,67314,15220,12790.0,95324,80104.0
5404724000611372975,COT-CONST-502-3289,Construcción,Creada,CLP,2026-09-29T15:58,159609,36087,30326.0,226020,189935.0
5404724000611497814,COT-CONST-502-3299,Construcción,Creada,CLP,2026-09-29T16:00,46056,10413,8751.0,65220,54807.0
5404724000611574316,COT-CONST-502-3301,Construcción,Creada,CLP,2026-09-29T17:57,60762,13738,11545.0,86045,72307.0
5404724000612163909,COT-CONST-502-3342,Construcción,Creada,CLP,2026-09-29T16:10,75285,17022,14304.0,106611,89589.0
5404724000613510015,COT-CONST-502-3413,Construcción,Creada,CLP,2026-09-29T11:03,138988,31425,26408.0,196821,165396.0
5404724000613436402,COT-CONST-502-3417,Construcción,Creada,CLP,2026-09-29T11:46,38320,8664,7281.0,54266,45601.0
5404724000613556127,COT-CONST-502-3419,Construcción,Creada,USD,2026-09-29T12:02,261,59,49.59,370,310.59
5404724000613373823,COT-CONST-502-3423,Construcción,Creada,CLP,2026-09-29T12:37,89204,20169,16949.0,126322,106153.0
5404724000613542353,COT-CONST-502-3425,Construcción,Creada,CLP,2026-09-29T13:39,1872000,423259,355680.0,2650939,2227680.0
5404724000613295967,COT-CONST-502-3428,Construcción,Creada,CLP,2026-09-29T13:18,284106,64236,53980.0,402323,338086.0
5404724000613508656,COT-CONST-502-3436,Construcción,Creada,CLP,2026-09-29T13:46,87908,19876,16703.0,124487,104611.0
5404724000613590325,COT-CONST-502-3437,Construcción,Creada,CLP,2026-09-29T14:21,88815,20081,16875.0,125771,105690.0
5404724000613588318,COT-CONST-502-3440,Construcción,Creada,CLP,2026-09-29T15:23,2693600,609023,511784.0,3814407,3205384.0
5404724000613580475,COT-CONST-502-3441,Construcción,Creada,CLP,2026-09-29T15:35,36145,8172,6868.0,51184,43013.0
5404724000613630450,COT-CONST-502-3444,Construcción,Creada,CLP,2026-09-29T16:23,46056,10413,8751.0,65220,54807.0
5404724000613716043,COT-CONST-502-3447,Construcción,Creada,CLP,2026-09-29T16:44,132616,29985,25197.0,187799,157813.0
5404724000613641453,COT-CONST-502-3448,Construcción,Creada,CLP,2026-09-29T17:08,16260100,3676409,3089419.0,23025928,19349519.0
5404724000613526725,COT-CONST-502-3450,Construcción,Creada,CLP,2026-09-29T17:38,109908,24850,20883.0,155641,130791.0
5404724000613716182,COT-CONST-502-3452,Construcción,Creada,CLP,2026-09-29T17:49,36145,8172,6868.0,51184,43013.0
5404724000610297411,COT-CONST-66-3137,Construcción,Cerrada Perdida,CLP,2026-09-30T10:37,2773109,627000,526891.0,3927000,3300000.0
5404724000611503190,COT-CONST-66-3285,Construcción,Creada,CLP,2026-09-24T13:37,2163000,489054,410970.0,3063024,2573970.0
5404724000611509675,COT-CONST-66-3291,Construcción,Cerrada Ganada,CLP,2026-09-24T16:06,1032000,233335,196080.0,1461415,1228080.0
5404724000611507743,COT-CONST-66-3292,Construcción,Creada,CLP,2026-09-24T15:53,34440000,7786884,6543600.0,48770484,40983600.0
5404724000611729605,COT-CONST-66-3314,Construcción,Cerrada Ganada,CLP,2026-09-25T14:54,18689950,4225798,3551090.0,26466839,22241040.0
5404724000613542313,COT-CONST-66-3421,Construcción,Cerrada Ganada,CLP,2026-09-29T12:55,952000,215247,180880.0,1348127,1132880.0
5404724000613511340,COT-CONST-66-3426,Construcción,Creada,CLP,2026-09-29T12:40,1440000,325584,273600.0,2039184,1713600.0
5404724000539429080,COT-CONST-null-0135,Construcción,Cerrada Perdida,USD,2026-09-25T13:07,26650,6026,5063.5,37740,31713.5
5404724000603393181,COT-CONST-null-2741,Construcción,Creada,CLP,2026-09-28T18:25,5658000,1279274,1075020.0,8012294,6733020.0
5404724000606160763,COT-CONST-null-2951,Construcción,Creada,USD,2026-09-28T13:16,56464.86,12767,10728.32,79960,67193.18
5404724000606090938,COT-CONST-null-2952,Construcción,Cerrada Ganada,USD,2026-09-28T14:31,780,176,148.2,1104,928.2
5404724000610289756,COT-CONST-null-3141,Construcción,Cerrada Perdida,CLP,2026-09-29T11:23,161902,36606,30761.0,229269,192663.0
5404724000610308749,COT-CONST-null-3146,Construcción,Cerrada Perdida,CLP,2026-09-29T11:41,46016.6,10404,8743.0,65164,54759.6
5404724000610289916,COT-CONST-null-3148,Construcción,Cerrada Perdida,CLP,2026-09-29T12:40,110348.05,24950,20966.0,156264,131314.05
5404724000610486910,COT-CONST-null-3162,Construcción,Cerrada Perdida,CLP,2026-09-29T13:26,214107,48409,40680.0,303196,254787.0
5404724000610717326,COT-CONST-null-3175,Construcción,Cerrada Perdida,CLP,2026-09-29T13:49,105515,23857,20048.0,149421,125563.0
5404724000610708577,COT-CONST-null-3189,Construcción,Cerrada Perdida,CLP,2026-09-29T14:25,123924,28019,23546.0,175488,147470.0
5404724000610708636,COT-CONST-null-3195,Construcción,Cerrada Perdida,CLP,2026-09-29T15:40,36145,8172,6868.0,51184,43013.0
5404724000611353981,COT-CONST-null-3272,Construcción,Creada,CLP,2026-09-24T11:16,1078000,243736,204820.0,1526556,1282820.0
5404724000611478121,COT-CONST-null-3280,Construcción,Cerrada Ganada,CLP,2026-09-24T12:29,19128098,4324863,3634339.0,27087300,22762437.0
5404724000611497179,COT-CONST-null-3283,Construcción,Creada,USD,2026-09-24T12:54,19390.4,4384,3684.18,27459,23074.58
5404724000611548474,COT-CONST-null-3293,Construcción,Creada,CLP,2026-09-24T16:58,1077752,243680,204773.0,1526205,1282525.0
5404724000611528780,COT-CONST-null-3303,Construcción,Cerrada Ganada,CLP,2026-09-25T08:19,334022,75522,63464.0,473008,397486.0
5404724000611701029,COT-CONST-null-3306,Construcción,Creada,USD,2026-09-25T00:20,412730,93318,78418.7,584467,491148.7
5404724000611635984,COT-CONST-null-3307,Construcción,Creada,USD,2026-09-25T00:22,431242,97504,81935.98,610682,513177.98
5404724000611688817,COT-CONST-null-3308,Construcción,Creada,USD,2026-09-25T01:24,88350,19976,16786.5,125113,105136.5
5404724000611770025,COT-CONST-null-3309,Construcción,Creada,USD,2026-09-25T02:01,122508,27699,23276.52,173484,145784.52
5404724000611820408,COT-CONST-null-3310,Construcción,Creada,USD,2026-09-25T07:33,265492,60028,50443.48,375963,315935.48
5404724000611820473,COT-CONST-null-3311,Construcción,Creada,USD,2026-09-25T07:36,33640,7606,6391.6,47638,40031.6
5404724000611811536,COT-CONST-null-3312,Construcción,Creada,USD,2026-09-25T07:41,474328,107246,90122.32,671696,564450.32
5404724000611804981,COT-CONST-null-3313,Construcción,Cerrada Ganada,CLP,2026-09-25T09:37,14980000,3386978,2846200.0,21213178,17826200.0
5404724000611791648,COT-CONST-null-3318,Construcción,Creada,CLP,2026-09-25T09:12,2920000,660212,554800.0,4135012,3474800.0
5404724000611883008,COT-CONST-null-3319,Construcción,Cerrada Ganada,CLP,2026-09-25T09:14,3308400,748029,628596.0,4685025,3936996.0
5404724000611843459,COT-CONST-null-3321,Construcción,Cerrada Ganada,CLP,2026-09-25T09:45,21437200,4846951,4073068.0,30357219,25510268.0
5404724000611893099,COT-CONST-null-3326,Construcción,Cerrada Ganada,CLP,2026-09-25T11:23,1850000,418285,351500.0,2619785,2201500.0
5404724000612040052,COT-CONST-null-3331,Construcción,Creada,USD,2026-09-25T11:15,26700,6037,5073.0,37810,31773.0
5404724000612008206,COT-CONST-null-3332,Construcción,Cerrada Ganada,CLP,2026-09-25T11:30,613734,138765,116609.0,869108,730343.0
5404724000612021238,COT-CONST-null-3336,Construcción,Cerrada Ganada,CLP,2026-09-29T17:15,19500000,4408950,3705000.0,27613950,23205000.0
5404724000612245028,COT-CONST-null-3340,Construcción,Pendiente de revisión,USD,2026-09-25T13:25,2954,668,561.26,4183,3515.26
5404724000612820650,COT-CONST-null-3352,Construcción,Creada,USD,2026-09-28T09:42,18900.2,4273,3591.04,26764,22491.24
5404724000612813562,COT-CONST-null-3356,Construcción,Cerrada Ganada,CLP,2026-09-28T10:45,12265935,2773328,2330528.0,17369791,14596463.0
5404724000612862937,COT-CONST-null-3359,Construcción,Cerrada Ganada,CLP,2026-09-28T11:05,11584560,2619269,2201066.0,16404895,13785626.0
5404724000613054464,COT-CONST-null-3369,Construcción,Creada,USD,2026-09-28T13:15,11169.22,2525,2122.15,15816,13291.37
5404724000612909880,COT-CONST-null-3372,Construcción,Cerrada Ganada,CLP,2026-09-28T14:40,2875500,650151,546345.0,4071996,3421845.0
5404724000613067748,COT-CONST-null-3373,Construcción,Creada,USD,2026-09-28T13:55,24000,5426,4560.0,33986,28560.0
5404724000613106504,COT-CONST-null-3377,Construcción,Creada,USD,2026-09-28T15:14,279037.96,63090,53017.21,395145,332055.17
5404724000613112219,COT-CONST-null-3378,Construcción,Cerrada Ganada,CLP,2026-09-28T15:16,2169000,490411,412110.0,3071521,2581110.0
5404724000613147653,COT-CONST-null-3391,Construcción,Creada,USD,2026-09-28T18:02,32760,7407,6224.4,46391,38984.4
5404724000613192267,COT-CONST-null-3392,Construcción,Creada,USD,2026-09-28T18:10,2168,490,411.92,3070,2579.92
5404724000613384587,COT-CONST-null-3407,Construcción,Cerrada Ganada,CLP,2026-09-29T08:53,4069800,920182,773262.0,5763244,4843062.0
5404724000613507180,COT-CONST-null-3415,Construcción,Cerrada Ganada,CLP,2026-09-29T11:20,193284,43702,36724.0,273710,230008.0
5404724000613542032,COT-CONST-null-3416,Construcción,Creada,USD,2026-09-29T11:33,972,220,184.68,1377,1156.68
5404724000613302818,COT-CONST-null-3424,Construcción,Cerrada Ganada,CLP,2026-09-29T12:34,3620700,818640,687933.0,5127273,4308633.0
5404724000613595154,COT-CONST-null-3432,Construcción,Cerrada Ganada,USD,2026-09-29T13:29,11068.75,2503,2103.06,15675,13171.81
5404724000613632699,COT-CONST-null-3446,Construcción,Creada,USD,2026-09-29T17:21,58307.1,13183,11078.35,82568,69385.45
5404724000612011327,COT-IND-0211,Industria y Ferretería,Pendiente de Aprobación,CLP,2026-09-25T11:34,626110,116582,118961.0,730170,745071.0
5404724000613074503,COT-IND-0212,Industria y Ferretería,Creada,CLP,2026-09-28T13:49,4624800,1045667,878712.0,6549179,5503512.0
5404724000613571294,COT-IND-0214,Industria y Ferretería,Creada,CLP,2026-09-29T12:48,360144,81429,68427.0,510000,428571.0
5404724000613526374,COT-IND-0215,Industria y Ferretería,Creada,CLP,2026-09-29T13:56,444850,100581,84522.0,629953,529372.0
5404724000611070249,COT-MAK-000112,Maktotal,Enviada,CLP,2026-09-24T11:11,294109,66498,55881.0,416488,349990.0
5404724000611460010,COT-MAK-000113,Maktotal,Enviada,CLP,2026-09-24T11:36,226882,51298,43108.0,321288,269990.0
5404724000611460025,COT-MAK-000114,Maktotal,Enviada,CLP,2026-09-24T12:17,1529403.36,345798,290587.0,2165788,1819990.36
5404724000611460040,COT-MAK-000115,Maktotal,Enviada,CLP,2026-09-24T12:34,815117.64,184298,154872.0,1154288,969989.64
5404724000611460064,COT-MAK-000116,Maktotal,Enviada,CLP,2026-09-24T13:22,306680.65,69340,58269.0,434290,364949.65
5404724000611460079,COT-MAK-000117,Maktotal,Enviada,CLP,2026-09-24T13:29,306680.65,69340,58269.0,434290,364949.65
5404724000613139001,COT-MAK-000118,Maktotal,Enviada,CLP,2026-09-28T14:11,5293991.55,1196971,1005858.0,7496821,6299849.55
5404724000613139028,COT-MAK-000119,Maktotal,Enviada,CLP,2026-09-28T15:58,1176462.18,265998,223528.0,1665988,1399990.18
5404724000613519001,COT-MAK-000120,Maktotal,Enviada,CLP,2026-09-29T10:52,613436.97,138698,116553.0,868688,729989.97
5404724000613519022,COT-MAK-000121,Maktotal,Enviada,CLP,2026-09-29T11:10,857126,193796,162854.0,1213776,1019980.0
5404724000613519051,COT-MAK-000122,Maktotal,Enviada,CLP,2026-09-29T11:54,554574,125389,105369.0,785332,659943.0
5404724000580543626,COT-REN-1737,Rental,Cotización Aprobada,CLP,2026-09-28T17:51,5551036,1054703,1054697.0,6605773,6605733.0
5404724000604527262,COT-REN-3766,Rental,Cerrada Ganada,CLP,2026-09-29T19:07,2780000,520600,528200.0,3260600,3308200.0
5404724000610466596,COT-REN-4325,Rental,Cerrada Ganada,CLP,2026-09-25T01:07,623250,113364,118418.0,710014,741668.0
5404724000611159769,COT-REN-4448,Rental,Cotización Aprobada,CLP,2026-09-30T10:00,-2400607.44,1567652,-456115.0,9818455,-2856722.44
5404724000611473314,COT-REN-4495,Rental,Creada,CLP,2026-09-28T15:47,261775,47077,49737.0,294852,311512.0
5404724000611843667,COT-REN-4545,Rental,Creada,CLP,2026-09-25T10:48,218050,38770,41430.0,242820,259480.0
5404724000612165214,COT-REN-4568,Rental,Creada,CLP,2026-09-25T15:52,2708000,514522,514520.0,3222532,3222520.0
5404724000612828541,COT-REN-4578,Rental,Cotización Aprobada,CLP,2026-09-28T09:17,1221447,218965,232075.0,1371412,1453522.0
5404724000613009781,COT-REN-4598,Rental,Creada,CLP,2026-09-28T14:33,2708000,514522,514520.0,3222532,3222520.0
5404724000613059923,COT-REN-4614,Rental,Cerrada Ganada,CLP,2026-09-29T19:07,1558660,273345,296145.0,1712005,1854805.0
5404724000613229411,COT-REN-4618,Rental,Cerrada Ganada,CLP,2026-09-29T00:07,295000,76950,56050.0,481950,351050.0
5404724000613728139,COT-REN-4670,Rental,Creada,CLP,2026-09-29T17:31,458297,348548,87076.0,2183010,545373.0
5404724000613621344,COT-REN-4673,Rental,Creada,CLP,2026-09-29T18:07,637500,95475,121125.0,597975,758625.0
5404724000613647945,COT-REN-4676,Rental,Pendiente de Aprobación,CLP,2026-09-30T08:48,1558660,273345,296145.0,1712005,1854805.0
